Brand,Product ID,SKU,Name,Handle,URL,Category,Tags,Price,Compare At Price,Currency,Available,Scraped At,Image URLs
owyn,14902352150892,4Xbundle-1b561d52,Build a Custom Bundle and Save,build-a-custom-bundle-and-save-1759267812260,https://liveowyn.com/products/build-a-custom-bundle-and-save-1759267812260,Box Builder,"[""all-shakes"", ""WorldPantry""]",155.96,,USD,1,2026-04-30T23:06:55.368640,https://cdn.shopify.com/s/files/1/1321/4429/files/BAB_Image_12ct.jpg
owyn,14775405543788,OWYN-711459-1,Caramel Macchiato Protein Coffee Shake,caramel-macchiato-protein-coffee-shake,https://liveowyn.com/products/caramel-macchiato-protein-coffee-shake,Doubleshot Protein Coffee Shake,"[""all-shakes"", ""doubleshot"", ""WorldPantry""]",41.99,,USD,1,2026-04-30T23:06:55.395829,"https://cdn.shopify.com/s/files/1/1321/4429/files/owyn-711452-caramel-macchiato-protein-coffee-shake.png,https://cdn.shopify.com/s/files/1/1321/4429/files/owyn-711452-caramel-macchiato-protein-coffee-shake_1.jpg,https://cdn.shopify.com/s/files/1/1321/4429/files/owyn-711452-caramel-macchiato-protein-coffee-shake_2.jpg,https://cdn.shopify.com/s/files/1/1321/4429/files/owyn-711452-caramel-macchiato-protein-coffee-shake_3.jpg"
owyn,14794665984364,OWYN-969597-1,Chocolate Balanced Nutrition Shake,chocolate-balanced-nutrition-shake,https://liveowyn.com/products/chocolate-balanced-nutrition-shake,Balanced Nutrition Shakes,"[""all-shakes"", ""best seller"", ""carton"", ""Chocolate"", ""complete-nutrition-new"", ""WorldPantry""]",38.99,,USD,1,2026-04-30T23:06:55.374774,"https://cdn.shopify.com/s/files/1/1321/4429/files/owyn-008747-chocolate-balanced-nutrition-shake-tetra.png,https://cdn.shopify.com/s/files/1/1321/4429/files/owyn-008747-chocolate-balanced-nutrition-shake-tetra_1.jpg,https://cdn.shopify.com/s/files/1/1321/4429/files/owyn-008747-chocolate-balanced-nutrition-shake-tetra_2.jpg"
owyn,14775413047660,OWYN-711633-1,Chocolate High Protein Complete Nutrition Shake,chocolate-high-protein-complete-nutrition-shake,https://liveowyn.com/products/chocolate-high-protein-complete-nutrition-shake,High Protein Complete Nutrition Shakes,"[""Chocolate"", ""high-protein-complete-nutrition"", ""WorldPantry""]",41.99,,USD,1,2026-04-30T23:06:55.450379,https://cdn.shopify.com/s/files/1/1321/4429/files/owyn-711636-chocolate-high-protein-complete-nutrition-shake_ae408121-c48d-48a5-87f6-2982436327a2.png
owyn,14775405281644,OWYN-711605-1,Chocolate Pro Elite Protein Powder,chocolate-pro-elite-protein-powder-12-servings,https://liveowyn.com/products/chocolate-pro-elite-protein-powder-12-servings,Pro Elite Protein Powder,"[""all-protein-powders"", ""Chocolate"", ""pro-elite-powder"", ""WorldPantry""]",28.99,,USD,1,2026-04-30T23:06:55.403458,https://cdn.shopify.com/s/files/1/1321/4429/files/owyn-711605-chocolate-pro-elite-protein-powder-12-servings_3bdcc257-94bf-4609-a63b-0d20e2b97230.png
owyn,14775412654444,OWYN-008812-1,Chocolate Pro Elite Protein Shake,chocolate-pro-elite-protein-shake,https://liveowyn.com/products/chocolate-pro-elite-protein-shake,Pro Elite Protein Shakes,"[""all-shakes"", ""best seller"", ""Chocolate"", ""pro-elite-shakes"", ""WorldPantry""]",49.99,,USD,1,2026-04-30T23:06:55.442812,"https://cdn.shopify.com/s/files/1/1321/4429/files/owyn-008815-chocolate-pro-elite-protein-shake.png,https://cdn.shopify.com/s/files/1/1321/4429/files/owyn-008662-chocolate-pro-elite-shake-tetra.png,https://cdn.shopify.com/s/files/1/1321/4429/files/owyn-008815-chocolate-pro-elite-protein-shake_1.jpg,https://cdn.shopify.com/s/files/1/1321/4429/files/owyn-008662-chocolate-pro-elite-shake-tetra_1.jpg"
owyn,14775405052268,OWYN-008594-1,Chocolate Protein Powder,chocolate-protein-powder-2-lbs,https://liveowyn.com/products/chocolate-protein-powder-2-lbs,Protein Powders,"[""all-protein-powders"", ""best seller"", ""Chocolate"", ""protein-powders-new"", ""WorldPantry""]",44.99,,USD,1,2026-04-30T23:06:55.447051,https://cdn.shopify.com/s/files/1/1321/4429/files/owyn-008594-chocolate-protein-powder-2-lbs_0510d26d-0709-45fb-aaa1-81cf3a36520f.png
owyn,14775405969772,OWYN-050381-1,Chocolate and Vanilla High Protein Complete Nutrition Variety Pack,chocolate-and-vanilla-high-protein-complete-nutrition-variety-pack,https://liveowyn.com/products/chocolate-and-vanilla-high-protein-complete-nutrition-variety-pack,High Protein Complete Nutrition Shakes,"[""all-shakes"", ""high-protein-complete-nutrition"", ""WorldPantry""]",42.99,,USD,1,2026-04-30T23:06:55.448880,https://cdn.shopify.com/s/files/1/1321/4429/files/owyn-050381-chocolate-and-vanilla-high-protein-complete-nutrition-variety-pack_aefdadf7-0671-4034-b2bd-1e13443e2d35.png
owyn,14775405773164,OWYN-969436-1,"Chocolate, Vanilla, No Nut Buttercup Pro Elite Protein Shake Variety Pack",chocolate-vanilla-no-nut-buttercup-pro-elite-protein-shake-variety-pack,https://liveowyn.com/products/chocolate-vanilla-no-nut-buttercup-pro-elite-protein-shake-variety-pack,Pro Elite Protein Shakes,"[""all-shakes"", ""best seller"", ""pro-elite-shakes"", ""WorldPantry""]",49.99,,USD,1,2026-04-30T23:06:55.389431,https://cdn.shopify.com/s/files/1/1321/4429/files/owyn-969436-chocolate-vanilla-no-nut-buttercup-pro-elite-protein-shake-variety-pack-bottle_4b4e62ee-e144-4f1c-9c36-6f846aaa54cd.png
owyn,14775405412716,OWYN-711759-1,Chocolate Pro Elite Protein Powder,chocolate-pro-elite-protein-powder-27-servings,https://liveowyn.com/products/chocolate-pro-elite-protein-powder-27-servings,Pro Elite Protein Powder,"[""all-protein-powders"", ""best seller"", ""Chocolate"", ""pro-elite-powder"", ""WorldPantry""]",49.99,,USD,1,2026-04-30T23:06:55.376949,https://cdn.shopify.com/s/files/1/1321/4429/files/owyn-711759-chocolate-pro-elite-protein-powder-27-servings_5dc40c9c-f856-4830-af9b-3e752dc91b2b.png
owyn,14775412556140,OWYN-004978-1,Cold Brew Coffee Protein Shake,cold-brew-coffee-protein-shake-1,https://liveowyn.com/products/cold-brew-coffee-protein-shake-1,Protein Shakes,"[""all-shakes"", ""best seller"", ""protein-shakes-new"", ""WorldPantry""]",38.99,,USD,1,2026-04-30T23:06:55.429414,"https://cdn.shopify.com/s/files/1/1321/4429/files/owyn-004971-cold-brew-coffee-protein-shake.png,https://cdn.shopify.com/s/files/1/1321/4429/files/owyn-004971-cold-brew-coffee-protein-shake_1.jpg,https://cdn.shopify.com/s/files/1/1321/4429/files/owyn-004971-cold-brew-coffee-protein-shake_2.jpg"
owyn,14775412457836,OWYN-008355-1,Cookies and Creamless Protein Shake,cookies-and-creamless-protein-shake,https://liveowyn.com/products/cookies-and-creamless-protein-shake,Protein Shakes,"[""all-shakes"", ""protein-shakes-new"", ""WorldPantry""]",38.99,,USD,1,2026-04-30T23:06:55.433215,"https://cdn.shopify.com/s/files/1/1321/4429/files/owyn-008648-cookies-and-creamless-protein-shake.png,https://cdn.shopify.com/s/files/1/1321/4429/files/owyn-008648-cookies-and-creamless-protein-shake-tetras.png,https://cdn.shopify.com/s/files/1/1321/4429/files/owyn-008648-cookies-and-creamless-protein-shake_1.jpg,https://cdn.shopify.com/s/files/1/1321/4429/files/owyn-008648-cookies-and-creamless-protein-shake-tetras_1.jpg"
owyn,14775412228460,OWYN-004992-1,Dark Chocolate Protein Shake,dark-chocolate-protein-shake-1,https://liveowyn.com/products/dark-chocolate-protein-shake-1,Protein Shakes,"[""all-shakes"", ""best seller"", ""Chocolate"", ""protein-shakes-new"", ""WorldPantry""]",38.99,,USD,1,2026-04-30T23:06:55.405289,"https://cdn.shopify.com/s/files/1/1321/4429/files/owyn-008617-dark-chocolate-protein-shake.png,https://cdn.shopify.com/s/files/1/1321/4429/files/owyn-004995-dark-chocolate-protein-shake-tetras.png,https://cdn.shopify.com/s/files/1/1321/4429/files/owyn-008617-dark-chocolate-protein-shake_1.jpg,https://cdn.shopify.com/s/files/1/1321/4429/files/owyn-004995-dark-chocolate-protein-shake-tetras_1.jpg,https://cdn.shopify.com/s/files/1/1321/4429/files/owyn-008617-darkchocolateproteinshake_5_00885509-878f-431b-8f3d-cef55fb7d2c9.jpg,https://cdn.shopify.com/s/files/1/1321/4429/files/owyn-008617-darkchocolateproteinshake_8_63174614-69e8-4b5f-a057-19f3ca1bff72.jpg,https://cdn.shopify.com/s/files/1/1321/4429/files/owyn-008617-darkchocolateproteinshake_9_96393ffd-a541-48fe-849c-a3d952eac583.jpg,https://cdn.shopify.com/s/files/1/1321/4429/files/owyn-008617-darkchocolateproteinshakex_5_f31b7ec6-9c41-4c6a-a7e7-8417f8849bff.jpg,https://cdn.shopify.com/s/files/1/1321/4429/files/owyn-008617-darkchocolateproteinshakex_8_1dc014b0-eff9-403d-b67e-b640ccaf00f7.jpg,https://cdn.shopify.com/s/files/1/1321/4429/files/owyn-008617-darkchocolateproteinshakex_9_520501db-83f9-4f43-88d4-27cd045a9fe0.jpg"
owyn,14775405805932,OWYN-008419-1,"Dark Chocolate, Cold Brew Coffee, Cookies and Creamless Protein Shake Variety Pack",dark-chocolate-cold-brew-coffee-cookies-and-creamless-protein-shake-variety-pack,https://liveowyn.com/products/dark-chocolate-cold-brew-coffee-cookies-and-creamless-protein-shake-variety-pack,Protein Shakes,"[""all-shakes"", ""protein-shakes-new"", ""WorldPantry""]",39.0,,USD,1,2026-04-30T23:06:55.420358,https://cdn.shopify.com/s/files/1/1321/4429/files/owyn-008419-dark-chocolate-cold-brew-coffee-cookies-and-creamless-protein-shake-variety-pack-bottle_24959f8c-e140-4546-a688-efef13acd78e.png
owyn,15016198275436,OWYN-050579-1,Matcha Latte Protein Shake Carton,matcha-latte-protein-shake-carton,https://liveowyn.com/products/matcha-latte-protein-shake-carton,Protein Shakes,"[""12-Pack"", ""all-shakes"", ""carton"", ""Matcha"", ""Protein Shake"", ""protein-shakes"", ""protein-shakes-new"", ""WorldPantry""]",38.99,,USD,1,2026-04-30T23:06:55.354786,"https://cdn.shopify.com/s/files/1/1321/4429/files/owyn-050565-matcha-latte-protein-shake-carton_2.jpg,https://cdn.shopify.com/s/files/1/1321/4429/files/owyn-050565-matcha-latte-protein-shake-carton_3.jpg"
owyn,14775405511020,OWYN-711353-1,Mocha Latte Doubleshot Protein Coffee Shake,mocha-latte-doubleshot-protein-coffee-shake,https://liveowyn.com/products/mocha-latte-doubleshot-protein-coffee-shake,Doubleshot Protein Coffee Shake,"[""all-shakes"", ""best seller"", ""doubleshot"", ""WorldPantry""]",41.99,,USD,1,2026-04-30T23:06:55.398663,"https://cdn.shopify.com/s/files/1/1321/4429/files/owyn-711346-mocha-latte-doubleshot-protein-coffee-shake.png,https://cdn.shopify.com/s/files/1/1321/4429/files/owyn-711346-mocha-latte-doubleshot-protein-coffee-shake_1.jpg,https://cdn.shopify.com/s/files/1/1321/4429/files/owyn-711346-mocha-latte-doubleshot-protein-coffee-shake_2.jpg,https://cdn.shopify.com/s/files/1/1321/4429/files/owyn-711346-mocha-latte-doubleshot-protein-coffee-shake_3.jpg"
owyn,14775405937004,OWYN-711575-1,"Mocha Latte, Vanilla Latte, Caramel Macchiato Doubleshot Protein Coffee Shake Variety Pack",mocha-latte-vanilla-latte-caramel-macchiato-doubleshot-protein-coffee-shake-variety-pack,https://liveowyn.com/products/mocha-latte-vanilla-latte-caramel-macchiato-doubleshot-protein-coffee-shake-variety-pack,Doubleshot Protein Coffee Shake,"[""all-shakes"", ""doubleshot"", ""WorldPantry""]",42.99,,USD,1,2026-04-30T23:06:55.407209,https://cdn.shopify.com/s/files/1/1321/4429/files/owyn-711575-mocha-latte-vanilla-latte-caramel-macchiato-doubleshot-protein-coffee-shake-variety-pack-bottle_fb167e28-8691-44a2-989c-6b98c723eaee.png
owyn,14775412883820,OWYN-969013-1,No Nut Buttercup Pro Elite Protein Shake,no-nut-buttercup-pro-elite-protein-shake,https://liveowyn.com/products/no-nut-buttercup-pro-elite-protein-shake,Pro Elite Protein Shakes,"[""all-shakes"", ""best seller"", ""pro-elite-shakes"", ""WorldPantry""]",49.99,,USD,1,2026-04-30T23:06:55.439038,"https://cdn.shopify.com/s/files/1/1321/4429/files/owyn-969016-no-nut-buttercup-pro-elite-protein-shake.png,https://cdn.shopify.com/s/files/1/1321/4429/files/owyn-969306-no-nut-buttercup-pro-elite-shake-tetra.png,https://cdn.shopify.com/s/files/1/1321/4429/files/owyn-969016-no-nut-buttercup-pro-elite-protein-shake_1.jpg,https://cdn.shopify.com/s/files/1/1321/4429/files/owyn-969306-no-nut-buttercup-pro-elite-shake-tetra_1.jpg"
owyn,14775404953964,OWYN-711421-1,Sea Salted Caramel Pro Elite Protein Shake,sea-salted-caramel-pro-elite-protein-shake,https://liveowyn.com/products/sea-salted-caramel-pro-elite-protein-shake,Pro Elite Protein Shakes,"[""all-shakes"", ""best seller"", ""pro-elite-shakes"", ""WorldPantry""]",49.99,,USD,1,2026-04-30T23:06:55.382098,https://cdn.shopify.com/s/files/1/1321/4429/files/owyn-711407-sea-salted-caramel-pro-elite-protein-shake.png
owyn,14775412719980,OWYN-008829-1,Smooth Vanilla Pro Elite Protein Shake,smooth-vanilla-pro-elite-protein-shake,https://liveowyn.com/products/smooth-vanilla-pro-elite-protein-shake,Pro Elite Protein Shakes,"[""all-shakes"", ""best seller"", ""pro-elite-shakes"", ""Vanilla"", ""WorldPantry""]",49.99,,USD,1,2026-04-30T23:06:55.440565,"https://cdn.shopify.com/s/files/1/1321/4429/files/owyn-008822-smooth-vanilla-pro-elite-protein-shake..png,https://cdn.shopify.com/s/files/1/1321/4429/files/owyn-008679-vanilla-pro-elite-shake-tetra.png,https://cdn.shopify.com/s/files/1/1321/4429/files/owyn-008822-smooth-vanilla-pro-elite-protein-shake_1..jpg,https://cdn.shopify.com/s/files/1/1321/4429/files/owyn-008679-vanilla-pro-elite-shake-tetra_1.jpg"
owyn,14775405150572,OWYN-008600-1,Smooth Vanilla Protein Powder,smooth-vanilla-protein-powder-2-lbs,https://liveowyn.com/products/smooth-vanilla-protein-powder-2-lbs,Protein Powders,"[""all-protein-powders"", ""protein-powders-new"", ""Vanilla"", ""WorldPantry""]",44.99,,USD,1,2026-04-30T23:06:55.379436,https://cdn.shopify.com/s/files/1/1321/4429/files/owyn-008600-smooth-vanilla-protein-powder-2-lbs_df3c9842-225e-48c5-9b8d-1f3602523f88.png
owyn,14775412359532,OWYN-004985-1,Smooth Vanilla Protein Shake,smooth-vanilla-protein-shake,https://liveowyn.com/products/smooth-vanilla-protein-shake,Protein Shakes,"[""all-shakes"", ""best seller"", ""protein-shakes-new"", ""Vanilla"", ""WorldPantry""]",38.99,,USD,1,2026-04-30T23:06:55.435560,"https://cdn.shopify.com/s/files/1/1321/4429/files/owyn-008624-smooth-vanilla-protein-shake.png,https://cdn.shopify.com/s/files/1/1321/4429/files/owyn-004988-smooth-vanilla-protein-shake-tetras.png,https://cdn.shopify.com/s/files/1/1321/4429/files/owyn-008624-smooth-vanilla-protein-shake_1.jpg,https://cdn.shopify.com/s/files/1/1321/4429/files/owyn-004988-smooth-vanilla-protein-shake-tetras_1.jpg"
owyn,14775405838700,OWYN-969856-1,"Smooth Vanilla, Cold Brew Coffee, Cookies & Creamless Protein Shake Variety Pack",smooth-vanilla-cold-brew-coffee-cookies-creamless-protein-shake-variety-pack,https://liveowyn.com/products/smooth-vanilla-cold-brew-coffee-cookies-creamless-protein-shake-variety-pack,Protein Shakes,"[""all-shakes"", ""protein-shakes-new"", ""WorldPantry""]",39.0,,USD,1,2026-04-30T23:06:55.415071,https://cdn.shopify.com/s/files/1/1321/4429/files/owyn-969856-smooth-vanilla-cold-brew-coffee-cookies-_-creamless-protein-shake-variety-pack-bottle_39f74e94-afa9-4e09-b519-72a41c28d6d0.png
owyn,14775404659052,OWYN-004688-1,Strawberry Banana Protein Shake,strawberry-banana-protein-shake,https://liveowyn.com/products/strawberry-banana-protein-shake,Protein Shakes,"[""all-shakes"", ""best seller"", ""protein-shakes-new"", ""WorldPantry""]",38.99,,USD,1,2026-04-30T23:06:55.384173,"https://cdn.shopify.com/s/files/1/1321/4429/files/owyn-004681-strawberry-banana-protein-shake.png,https://cdn.shopify.com/s/files/1/1321/4429/files/owyn-004681-strawberry-banana-protein-shake_1.jpg"
owyn,14775405904236,OWYN-711698-1,"Strawberry Banana, Dark Chocolate, Smooth Vanilla Protein Shake Variety Pack",strawberry-banana-dark-chocolate-smooth-vanilla-protein-shake-variety-pack,https://liveowyn.com/products/strawberry-banana-dark-chocolate-smooth-vanilla-protein-shake-variety-pack,Protein Shakes,"[""all-shakes"", ""best seller"", ""protein-shakes-new"", ""WorldPantry""]",38.99,,USD,1,2026-04-30T23:06:55.412694,https://cdn.shopify.com/s/files/1/1321/4429/files/owyn-711698-strawberry-banana-dark-chocolate-smooth-vanilla-protein-shake-variety-pack-bottle_29fefec7-20a3-460e-b978-aa39b2dfef72.png
owyn,14794666017132,OWYN-969467-1,Vanilla Balanced Nutrition Shake,vanilla-balanced-nutrition-shake,https://liveowyn.com/products/vanilla-balanced-nutrition-shake,Balanced Nutrition Shakes,"[""best seller"", ""carton"", ""complete-nutrition-new"", ""Vanilla"", ""WorldPantry""]",38.99,,USD,1,2026-04-30T23:06:55.372241,"https://cdn.shopify.com/s/files/1/1321/4429/files/owyn-969443-vanilla-balanced-nutrition-shake-tetra.png,https://cdn.shopify.com/s/files/1/1321/4429/files/owyn-969443-vanilla-balanced-nutrition-shake-tetra_1.jpg,https://cdn.shopify.com/s/files/1/1321/4429/files/owyn-969443-vanilla-balanced-nutrition-shake-tetra_2.jpg"
owyn,14775413113196,OWYN-711640-1,Vanilla High Protein Complete Nutrition Shake,vanilla-high-protein-complete-nutrition-shake,https://liveowyn.com/products/vanilla-high-protein-complete-nutrition-shake,High Protein Complete Nutrition Shakes,"[""all-shakes"", ""high-protein-complete-nutrition"", ""Vanilla"", ""WorldPantry""]",41.99,,USD,1,2026-04-30T23:06:55.437443,https://cdn.shopify.com/s/files/1/1321/4429/files/owyn-711643-vanilla-high-protein-complete-nutrition-shake_df990b09-7879-425d-b428-e3388f89eca3.png
owyn,14775405609324,OWYN-711497-1,Vanilla Latte Doubleshot Protein Coffee Shake,vanilla-latte-doubleshot-protein-coffee-shake,https://liveowyn.com/products/vanilla-latte-doubleshot-protein-coffee-shake,Doubleshot Protein Coffee Shake,"[""all-shakes"", ""doubleshot"", ""Vanilla"", ""WorldPantry""]",41.99,,USD,1,2026-04-30T23:06:55.392706,"https://cdn.shopify.com/s/files/1/1321/4429/files/owyn-711490-vanilla-latte-doubleshot-protein-coffee-shake.png,https://cdn.shopify.com/s/files/1/1321/4429/files/owyn-711490-vanilla-latte-doubleshot-protein-coffee-shake_1.jpg,https://cdn.shopify.com/s/files/1/1321/4429/files/owyn-711490-vanilla-latte-doubleshot-protein-coffee-shake_2.jpg,https://cdn.shopify.com/s/files/1/1321/4429/files/owyn-711490-vanilla-latte-doubleshot-protein-coffee-shake_3.jpg"
owyn,14775405347180,OWYN-711612-1,Vanilla Pro Elite Protein Powder,vanilla-pro-elite-protein-powder-12-servings,https://liveowyn.com/products/vanilla-pro-elite-protein-powder-12-servings,Pro Elite Protein Powder,"[""all-protein-powders"", ""best seller"", ""pro-elite-powder"", ""Vanilla"", ""WorldPantry""]",28.99,,USD,1,2026-04-30T23:06:55.401834,https://cdn.shopify.com/s/files/1/1321/4429/files/owyn-711612-vanilla-pro-elite-protein-powder-12-servings_7dda7a5f-e302-4512-9033-b7195dc5a829.png
owyn,14775405478252,OWYN-711766-1,Vanilla Pro Elite Protein Powder,vanilla-pro-elite-protein-powder-27-servings,https://liveowyn.com/products/vanilla-pro-elite-protein-powder-27-servings,Pro Elite Protein Powder,"[""all-protein-powders"", ""pro-elite-powder"", ""Vanilla"", ""WorldPantry""]",49.99,,USD,1,2026-04-30T23:06:55.400340,https://cdn.shopify.com/s/files/1/1321/4429/files/owyn-711766-vanilla-pro-elite-protein-powder-27-servings_718e574c-c145-4cd8-bb83-021cdb04ab04.png
owyn,15016198209900,OWYN-050661-1,Wildberry Donut Protein Shake Carton,wildberry-donut-protein-shake-carton,https://liveowyn.com/products/wildberry-donut-protein-shake-carton,Protein Shakes,"[""all-shakes"", ""carton"", ""Protein Shake"", ""protein-shakes"", ""protein-shakes-new"", ""WorldPantry""]",38.99,,USD,0,2026-04-30T23:06:55.366609,"https://cdn.shopify.com/s/files/1/1321/4429/files/owyn-050657-wildberry-donut-protein-shake-carton_2.jpg,https://cdn.shopify.com/s/files/1/1321/4429/files/owyn-050657-wildberry-donut-protein-shake-carton_3.jpg,https://cdn.shopify.com/s/files/1/1321/4429/files/owyn-050657-wildberry-donut-protein-shake-carton_5.jpg,https://cdn.shopify.com/s/files/1/1321/4429/files/owyn-050657-wildberry-donut-protein-shake-carton_4.jpg,https://cdn.shopify.com/s/files/1/1321/4429/files/owyn-050657-wildberry-donut-protein-shake-carton_6.jpg"
